source_site,venue_name,end_time,venue_location,url,notes,scrape_timestamp_utc
koyo-wellness.com,KOYO Wellness (Richmond),,London,https://www.koyo-wellness.com/book/,Search,10/5/2025 18:32
,,2:00:00 PM,,,,
,,2:15:00 PM,,,,
,,2:30:00 PM,,,,
,,2:45:00 PM,,,,
,,3:00:00 PM,,,,
,,3:15:00 PM,,,,
,,3:30:00 PM,,,,
,,3:45:00 PM,,,,
,,4:00:00 PM,,,,
,,6:00:00 PM,,,,
,,7:00:00 AM,,,,
,,7:15:00 AM,,,,
,,7:30:00 AM,,,,
,,7:45:00 AM,,,,
,,8:00:00 AM,,,,
,,9:30:00 AM,,,,
,,9:45:00 AM,,,,
,,10:00:00 AM,,,,
,,10:15:00 AM,,,,
,,10:30:00 AM,,,,
,,10:45:00 AM,,,,
,,11:00:00 AM,,,,
,,1:00:00 PM,,,,
,,1:15:00 PM,,,,
,,1:30:00 PM,,,,
,,1:45:00 PM,,,,
,,5:30:00 PM,,,,
,,5:45:00 PM,,,,
,,12:00:00 PM,,,,
,,4:15:00 PM,,,,
,,4:30:00 PM,,,,
,,4:45:00 PM,,,,
,,5:00:00 PM,,,,
,,12:30:00 PM,,,,
,,12:45:00 PM,,,,
,,5:15:00 PM,,,,
,,2:00:00 PM,,,,
,,2:15:00 PM,,,,
,,2:30:00 PM,,,,
,,2:45:00 PM,,,,
,,3:00:00 PM,,,,
,,3:15:00 PM,,,,
,,3:30:00 PM,,,,
,,3:45:00 PM,,,,
,,4:00:00 PM,,,,
,,6:00:00 PM,,,,
,,1:00:00 PM,,,,
,,1:15:00 PM,,,,
,,1:30:00 PM,,,,
,,1:45:00 PM,,,,
,,5:30:00 PM,,,,
,,5:45:00 PM,,,,
,,7:00:00 AM,,,,
,,7:15:00 AM,,,,
,,7:30:00 AM,,,,
,,7:45:00 AM,,,,
,,8:00:00 AM,,,,
,,9:30:00 AM,,,,
,,9:45:00 AM,,,,
,,10:00:00 AM,,,,
,,10:15:00 AM,,,,
,,10:30:00 AM,,,,
,,10:45:00 AM,,,,
,,11:00:00 AM,,,,
,,12:00:00 PM,,,,
,,4:15:00 PM,,,,
,,4:30:00 PM,,,,
,,4:45:00 PM,,,,
,,5:00:00 PM,,,,
,,12:30:00 PM,,,,
,,12:45:00 PM,,,,
,,5:15:00 PM,,,,
,,2:00:00 PM,,,,
,,2:15:00 PM,,,,
,,2:30:00 PM,,,,
,,2:45:00 PM,,,,
,,3:00:00 PM,,,,
,,3:15:00 PM,,,,
,,3:30:00 PM,,,,
,,3:45:00 PM,,,,
,,4:00:00 PM,,,,
,,6:00:00 PM,,,,
,,1:00:00 PM,,,,
,,1:15:00 PM,,,,
,,1:30:00 PM,,,,
,,1:45:00 PM,,,,
,,10:00:00 AM,,,,
,,10:15:00 AM,,,,
,,10:30:00 AM,,,,
,,10:45:00 AM,,,,
,,11:00:00 AM,,,,
,,12:00:00 PM,,,,
,,4:15:00 PM,,,,
,,4:30:00 PM,,,,
,,4:45:00 PM,,,,
,,5:00:00 PM,,,,
,,12:30:00 PM,,,,
,,12:45:00 PM,,,,
,,5:15:00 PM,,,,
,,5:30:00 PM,,,,
,,5:45:00 PM,,,,
,,1:00:00 PM,,,,
,,1:15:00 PM,,,,
,,1:30:00 PM,,,,
,,1:45:00 PM,,,,
,,2:00:00 PM,,,,
,,2:15:00 PM,,,,
,,2:30:00 PM,,,,
,,2:45:00 PM,,,,
,,3:00:00 PM,,,,
,,3:15:00 PM,,,,
,,3:30:00 PM,,,,
,,3:45:00 PM,,,,
,,4:00:00 PM,,,,
,,5:30:00 PM,,,,
,,5:45:00 PM,,,,
,,6:00:00 PM,,,,
,,7:00:00 AM,,,,
,,7:15:00 AM,,,,
,,7:30:00 AM,,,,
,,7:45:00 AM,,,,
,,8:00:00 AM,,,,
,,9:30:00 AM,,,,
,,9:45:00 AM,,,,
,,10:00:00 AM,,,,
,,10:15:00 AM,,,,
,,10:30:00 AM,,,,
,,10:45:00 AM,,,,
,,11:00:00 AM,,,,
,,12:00:00 PM,,,,
,,4:15:00 PM,,,,
,,4:30:00 PM,,,,
,,4:45:00 PM,,,,
,,5:00:00 PM,,,,
,,12:30:00 PM,,,,
,,12:45:00 PM,,,,
,,5:15:00 PM,,,,
,,12:00:00 PM,,,,
,,2:00:00 PM,,,,
,,2:15:00 PM,,,,
,,2:30:00 PM,,,,
,,2:45:00 PM,,,,
,,3:00:00 PM,,,,
,,3:15:00 PM,,,,
,,3:30:00 PM,,,,
,,3:45:00 PM,,,,
,,4:00:00 PM,,,,
,,4:15:00 PM,,,,
,,4:30:00 PM,,,,
,,4:45:00 PM,,,,
,,5:00:00 PM,,,,
,,10:00:00 AM,,,,
,,10:15:00 AM,,,,
,,10:30:00 AM,,,,
,,12:30:00 PM,,,,
,,12:45:00 PM,,,,
,,1:00:00 PM,,,,
,,1:15:00 PM,,,,
,,1:30:00 PM,,,,
,,1:45:00 PM,,,,
,,5:15:00 PM,,,,
,,5:30:00 PM,,,,
,,5:45:00 PM,,,,
,,6:00:00 PM,,,,
,,11:00:00 AM,,,,
,,11:15:00 AM,,,,
,,11:30:00 AM,,,,
,,11:45:00 AM,,,,
,,12:15:00 PM,,,,
,,10:00:00 AM,,,,
,,10:15:00 AM,,,,
,,10:30:00 AM,,,,
,,12:30:00 PM,,,,
,,12:45:00 PM,,,,
,,1:00:00 PM,,,,
,,4:00:00 PM,,,,
,,1:15:00 PM,,,,
,,1:30:00 PM,,,,
,,1:45:00 PM,,,,
,,2:00:00 PM,,,,
,,2:15:00 PM,,,,
,,2:30:00 PM,,,,
,,2:45:00 PM,,,,
,,3:00:00 PM,,,,
,,3:15:00 PM,,,,
,,3:30:00 PM,,,,
,,3:45:00 PM,,,,
,,4:15:00 PM,,,,
,,4:30:00 PM,,,,
,,4:45:00 PM,,,,
,,5:00:00 PM,,,,
,,5:15:00 PM,,,,
,,5:30:00 PM,,,,
,,5:45:00 PM,,,,
,,6:00:00 PM,,,,
,,11:00:00 AM,,,,
,,11:15:00 AM,,,,
,,11:30:00 AM,,,,
,,11:45:00 AM,,,,
,,12:00:00 PM,,,,
,,12:15:00 PM,,,,
,,1:00:00 PM,,,,
,,1:15:00 PM,,,,
,,1:30:00 PM,,,,
,,1:45:00 PM,,,,
,,2:00:00 PM,,,,
,,2:15:00 PM,,,,
,,2:30:00 PM,,,,
,,2:45:00 PM,,,,
,,3:00:00 PM,,,,
,,3:15:00 PM,,,,
,,3:30:00 PM,,,,
,,3:45:00 PM,,,,
,,4:00:00 PM,,,,
,,4:15:00 PM,,,,
,,4:30:00 PM,,,,
,,4:45:00 PM,,,,
,,5:00:00 PM,,,,
,,5:15:00 PM,,,,
,,5:30:00 PM,,,,
,,5:45:00 PM,,,,
,,6:00:00 PM,,,,
,,11:00:00 AM,,,,
,,11:15:00 AM,,,,
,,11:30:00 AM,,,,
,,11:45:00 AM,,,,
,,12:00:00 PM,,,,
,,12:15:00 PM,,,,
,,12:30:00 PM,,,,
,,12:45:00 PM,,,,
,,9:00:00 AM,,,,
,,9:15:00 AM,,,,
,,9:30:00 AM,,,,
,,9:45:00 AM,,,,
,,10:00:00 AM,,,,
,,10:15:00 AM,,,,
,,10:30:00 AM,,,,
,,10:45:00 AM,,,,
,,1:00:00 PM,,,,
,,1:15:00 PM,,,,
,,1:30:00 PM,,,,
,,1:45:00 PM,,,,
,,2:00:00 PM,,,,
,,2:15:00 PM,,,,
,,2:30:00 PM,,,,
,,2:45:00 PM,,,,
,,3:00:00 PM,,,,
,,3:15:00 PM,,,,
,,3:30:00 PM,,,,
,,3:45:00 PM,,,,
,,4:00:00 PM,,,,
,,4:15:00 PM,,,,
,,4:30:00 PM,,,,
,,4:45:00 PM,,,,
,,5:00:00 PM,,,,
,,5:15:00 PM,,,,
,,5:30:00 PM,,,,
,,5:45:00 PM,,,,
,,6:00:00 PM,,,,
,,11:00:00 AM,,,,
,,11:15:00 AM,,,,
,,11:30:00 AM,,,,
,,11:45:00 AM,,,,
,,12:00:00 PM,,,,
,,12:15:00 PM,,,,
,,12:30:00 PM,,,,
,,12:45:00 PM,,,,
,,9:00:00 AM,,,,
,,9:15:00 AM,,,,
,,9:30:00 AM,,,,
,,9:45:00 AM,,,,
,,10:00:00 AM,,,,
,,10:15:00 AM,,,,
,,10:30:00 AM,,,,
,,10:45:00 AM,,,,
,,1:00:00 PM,,,,
,,1:15:00 PM,,,,
,,1:30:00 PM,,,,
,,1:45:00 PM,,,,
,,2:00:00 PM,,,,
,,2:15:00 PM,,,,
,,2:30:00 PM,,,,
,,2:45:00 PM,,,,
,,3:00:00 PM,,,,
,,3:15:00 PM,,,,
,,3:30:00 PM,,,,
,,3:45:00 PM,,,,
,,4:00:00 PM,,,,
,,4:15:00 PM,,,,
,,4:30:00 PM,,,,
,,4:45:00 PM,,,,
,,5:00:00 PM,,,,
,,5:15:00 PM,,,,
,,5:30:00 PM,,,,
,,5:45:00 PM,,,,
,,6:00:00 PM,,,,
,,11:00:00 AM,,,,
,,11:15:00 AM,,,,
,,11:30:00 AM,,,,
,,11:45:00 AM,,,,
,,12:00:00 PM,,,,
,,12:15:00 PM,,,,
,,12:30:00 PM,,,,
,,12:45:00 PM,,,,
,,9:00:00 AM,,,,
,,9:15:00 AM,,,,
,,9:30:00 AM,,,,
,,9:45:00 AM,,,,
,,10:00:00 AM,,,,
,,10:15:00 AM,,,,
,,10:30:00 AM,,,,
,,10:45:00 AM,,,,
,,1:00:00 PM,,,,
,,1:15:00 PM,,,,
,,1:30:00 PM,,,,
,,1:45:00 PM,,,,
,,2:00:00 PM,,,,
,,2:15:00 PM,,,,
,,2:30:00 PM,,,,
,,2:45:00 PM,,,,
,,3:00:00 PM,,,,
,,3:15:00 PM,,,,
,,3:30:00 PM,,,,
,,3:45:00 PM,,,,
,,4:00:00 PM,,,,
,,4:15:00 PM,,,,
,,4:30:00 PM,,,,
,,4:45:00 PM,,,,
,,5:00:00 PM,,,,
,,5:15:00 PM,,,,
,,5:30:00 PM,,,,
,,5:45:00 PM,,,,
,,6:00:00 PM,,,,
,,11:00:00 AM,,,,
,,11:15:00 AM,,,,
,,11:30:00 AM,,,,
,,11:45:00 AM,,,,
,,12:00:00 PM,,,,
,,12:15:00 PM,,,,
,,12:30:00 PM,,,,
,,12:45:00 PM,,,,
,,9:00:00 AM,,,,
,,9:15:00 AM,,,,
,,9:30:00 AM,,,,
,,9:45:00 AM,,,,
,,10:00:00 AM,,,,
,,10:15:00 AM,,,,
,,10:30:00 AM,,,,
,,10:45:00 AM,,,,
,,1:00:00 PM,,,,
,,1:15:00 PM,,,,
,,1:30:00 PM,,,,
,,1:45:00 PM,,,,
,,2:00:00 PM,,,,
,,2:15:00 PM,,,,
,,2:30:00 PM,,,,
,,2:45:00 PM,,,,
,,3:00:00 PM,,,,
,,3:15:00 PM,,,,
,,3:30:00 PM,,,,
,,3:45:00 PM,,,,
,,4:00:00 PM,,,,
,,4:15:00 PM,,,,
,,4:30:00 PM,,,,
,,4:45:00 PM,,,,
,,5:00:00 PM,,,,
,,5:15:00 PM,,,,
,,5:30:00 PM,,,,
,,5:45:00 PM,,,,
,,6:00:00 PM,,,,
,,11:00:00 AM,,,,
,,11:15:00 AM,,,,
,,11:30:00 AM,,,,
,,11:45:00 AM,,,,
,,12:00:00 PM,,,,
,,12:15:00 PM,,,,
,,12:30:00 PM,,,,
,,12:45:00 PM,,,,
,,9:00:00 AM,,,,
,,9:15:00 AM,,,,
,,9:30:00 AM,,,,
,,9:45:00 AM,,,,
,,10:00:00 AM,,,,
,,10:15:00 AM,,,,
,,10:30:00 AM,,,,
,,10:45:00 AM,,,,
,,11:00:00 AM,,,,
,,11:15:00 AM,,,,
,,11:30:00 AM,,,,
,,11:45:00 AM,,,,
,,12:00:00 PM,,,,
,,12:15:00 PM,,,,
,,12:30:00 PM,,,,
,,12:45:00 PM,,,,
,,1:00:00 PM,,,,
,,1:15:00 PM,,,,
,,1:30:00 PM,,,,
,,1:45:00 PM,,,,
,,2:00:00 PM,,,,
,,2:15:00 PM,,,,
,,2:30:00 PM,,,,
,,2:45:00 PM,,,,
,,3:00:00 PM,,,,
,,3:15:00 PM,,,,
,,3:30:00 PM,,,,
,,3:45:00 PM,,,,
,,4:00:00 PM,,,,
,,4:15:00 PM,,,,
,,4:30:00 PM,,,,
,,4:45:00 PM,,,,
,,5:00:00 PM,,,,
,,5:15:00 PM,,,,
,,5:30:00 PM,,,,
,,5:45:00 PM,,,,
,,6:00:00 PM,,,,
,,10:00:00 AM,,,,
,,10:15:00 AM,,,,
,,10:30:00 AM,,,,
,,10:45:00 AM,,,,
,,9:00:00 AM,,,,
,,9:15:00 AM,,,,
,,9:30:00 AM,,,,
,,9:45:00 AM,,,,
,,10:00:00 AM,,,,
,,10:15:00 AM,,,,
,,10:30:00 AM,,,,
,,10:45:00 AM,,,,
,,11:00:00 AM,,,,
,,11:15:00 AM,,,,
,,11:30:00 AM,,,,
,,11:45:00 AM,,,,
,,12:00:00 PM,,,,
,,12:15:00 PM,,,,
,,12:30:00 PM,,,,
,,1:30:00 PM,,,,
,,1:45:00 PM,,,,
,,2:00:00 PM,,,,
,,2:15:00 PM,,,,
,,2:30:00 PM,,,,
,,2:45:00 PM,,,,
,,3:00:00 PM,,,,
,,3:15:00 PM,,,,
,,3:30:00 PM,,,,
,,3:45:00 PM,,,,
,,4:00:00 PM,,,,
,,4:15:00 PM,,,,
,,4:30:00 PM,,,,
,,4:45:00 PM,,,,
,,5:00:00 PM,,,,
,,5:15:00 PM,,,,
,,5:30:00 PM,,,,
,,5:45:00 PM,,,,
,,6:00:00 PM,,,,
,,12:45:00 PM,,,,
,,1:00:00 PM,,,,
,,1:15:00 PM,,,,
,,1:00:00 PM,,,,
,,1:15:00 PM,,,,
,,1:30:00 PM,,,,
,,1:45:00 PM,,,,
,,2:00:00 PM,,,,
,,2:15:00 PM,,,,
,,2:30:00 PM,,,,
,,2:45:00 PM,,,,
,,3:00:00 PM,,,,
,,3:15:00 PM,,,,
,,3:30:00 PM,,,,
,,3:45:00 PM,,,,
,,4:00:00 PM,,,,
,,4:15:00 PM,,,,
,,4:30:00 PM,,,,
,,4:45:00 PM,,,,
,,5:00:00 PM,,,,
,,5:15:00 PM,,,,
,,5:30:00 PM,,,,
,,5:45:00 PM,,,,
,,6:00:00 PM,,,,
,,11:00:00 AM,,,,
,,11:15:00 AM,,,,
,,11:30:00 AM,,,,
,,11:45:00 AM,,,,
,,10:00:00 AM,,,,
,,10:15:00 AM,,,,
,,10:30:00 AM,,,,
,,10:45:00 AM,,,,
,,12:00:00 PM,,,,
,,12:15:00 PM,,,,
,,12:30:00 PM,,,,
,,12:45:00 PM,,,,
,,9:00:00 AM,,,,
,,9:15:00 AM,,,,
,,9:30:00 AM,,,,
,,9:45:00 AM,,,,
,,1:00:00 PM,,,,
,,1:15:00 PM,,,,
,,1:30:00 PM,,,,
,,1:45:00 PM,,,,
,,2:00:00 PM,,,,
,,2:15:00 PM,,,,
,,2:30:00 PM,,,,
,,2:45:00 PM,,,,
,,3:00:00 PM,,,,
,,3:15:00 PM,,,,
,,3:30:00 PM,,,,
,,3:45:00 PM,,,,
,,4:00:00 PM,,,,
,,4:15:00 PM,,,,
,,4:30:00 PM,,,,
,,4:45:00 PM,,,,
,,5:00:00 PM,,,,
,,5:15:00 PM,,,,
,,5:30:00 PM,,,,
,,5:45:00 PM,,,,
,,6:00:00 PM,,,,
,,11:00:00 AM,,,,
,,11:15:00 AM,,,,
,,11:30:00 AM,,,,
,,11:45:00 AM,,,,
,,12:00:00 PM,,,,
,,12:15:00 PM,,,,
,,12:30:00 PM,,,,
,,12:45:00 PM,,,,
,,10:00:00 AM,,,,
,,10:15:00 AM,,,,
,,10:30:00 AM,,,,
,,10:45:00 AM,,,,
,,9:00:00 AM,,,,
,,9:15:00 AM,,,,
,,9:30:00 AM,,,,
,,9:45:00 AM,,,,
,,11:00:00 AM,,,,
,,11:15:00 AM,,,,
,,11:30:00 AM,,,,
,,11:45:00 AM,,,,
,,12:00:00 PM,,,,
,,12:15:00 PM,,,,
,,12:30:00 PM,,,,
,,12:45:00 PM,,,,
,,1:00:00 PM,,,,
,,1:15:00 PM,,,,
,,1:30:00 PM,,,,
,,1:45:00 PM,,,,
,,2:00:00 PM,,,,
,,2:15:00 PM,,,,
,,2:30:00 PM,,,,
,,2:45:00 PM,,,,
,,3:00:00 PM,,,,
,,3:15:00 PM,,,,
,,3:30:00 PM,,,,
,,3:45:00 PM,,,,
,,4:00:00 PM,,,,
,,4:15:00 PM,,,,
,,4:30:00 PM,,,,
,,4:45:00 PM,,,,
,,5:00:00 PM,,,,
,,5:15:00 PM,,,,
,,5:30:00 PM,,,,
,,5:45:00 PM,,,,
,,6:00:00 PM,,,,
,,10:00:00 AM,,,,
,,10:15:00 AM,,,,
,,10:30:00 AM,,,,
,,10:45:00 AM,,,,
,,9:00:00 AM,,,,
,,9:15:00 AM,,,,
,,9:30:00 AM,,,,
,,9:45:00 AM,,,,
,,7:00:00 AM,,,,
,,7:15:00 AM,,,,
,,7:30:00 AM,,,,
,,7:45:00 AM,,,,
,,8:00:00 AM,,,,
,,8:15:00 AM,,,,
,,8:30:00 AM,,,,
,,8:45:00 AM,,,,
,,10:00:00 AM,,,,
,,10:15:00 AM,,,,
,,10:30:00 AM,,,,
,,10:45:00 AM,,,,
,,11:00:00 AM,,,,
,,11:15:00 AM,,,,
,,11:30:00 AM,,,,
,,11:45:00 AM,,,,
,,12:00:00 PM,,,,
,,12:15:00 PM,,,,
,,12:30:00 PM,,,,
,,12:45:00 PM,,,,
,,1:00:00 PM,,,,
,,1:15:00 PM,,,,
,,1:30:00 PM,,,,
,,1:45:00 PM,,,,
,,2:00:00 PM,,,,
,,2:15:00 PM,,,,
,,2:30:00 PM,,,,
,,2:45:00 PM,,,,
,,3:00:00 PM,,,,
,,3:15:00 PM,,,,
,,3:30:00 PM,,,,
,,3:45:00 PM,,,,
,,4:00:00 PM,,,,
,,4:15:00 PM,,,,
,,4:30:00 PM,,,,
,,4:45:00 PM,,,,
,,5:00:00 PM,,,,
,,5:15:00 PM,,,,
,,5:30:00 PM,,,,
,,5:45:00 PM,,,,
,,6:00:00 PM,,,,
,,9:00:00 AM,,,,
,,9:15:00 AM,,,,
,,9:30:00 AM,,,,
,,9:45:00 AM,,,,
,,7:00:00 AM,,,,
,,7:15:00 AM,,,,
,,7:30:00 AM,,,,
,,7:45:00 AM,,,,
,,8:00:00 AM,,,,
,,8:15:00 AM,,,,
,,8:30:00 AM,,,,
,,8:45:00 AM,,,,
,,10:00:00 AM,,,,
,,10:15:00 AM,,,,
,,10:30:00 AM,,,,
,,10:45:00 AM,,,,
,,11:00:00 AM,,,,
,,11:15:00 AM,,,,
,,11:30:00 AM,,,,
,,11:45:00 AM,,,,
,,12:00:00 PM,,,,
,,12:15:00 PM,,,,
,,12:30:00 PM,,,,
,,12:45:00 PM,,,,
,,1:00:00 PM,,,,
,,1:15:00 PM,,,,
,,1:30:00 PM,,,,
,,1:45:00 PM,,,,
,,2:00:00 PM,,,,
,,2:15:00 PM,,,,
,,2:30:00 PM,,,,
,,2:45:00 PM,,,,
,,3:00:00 PM,,,,
,,3:15:00 PM,,,,
,,3:30:00 PM,,,,
,,3:45:00 PM,,,,
,,4:00:00 PM,,,,
,,4:15:00 PM,,,,
,,4:30:00 PM,,,,
,,4:45:00 PM,,,,
,,5:00:00 PM,,,,
,,5:15:00 PM,,,,
,,5:30:00 PM,,,,
,,5:45:00 PM,,,,
,,6:00:00 PM,,,,
,,9:00:00 AM,,,,
,,9:15:00 AM,,,,
,,9:30:00 AM,,,,
,,9:45:00 AM,,,,
,,7:00:00 AM,,,,
,,7:15:00 AM,,,,
,,7:30:00 AM,,,,
,,7:45:00 AM,,,,
,,8:00:00 AM,,,,
,,8:15:00 AM,,,,
,,8:30:00 AM,,,,
,,8:45:00 AM,,,,
,,10:00:00 AM,,,,
,,10:15:00 AM,,,,
,,10:30:00 AM,,,,
,,10:45:00 AM,,,,
,,11:00:00 AM,,,,
,,11:15:00 AM,,,,
,,11:30:00 AM,,,,
,,11:45:00 AM,,,,
,,12:00:00 PM,,,,
,,12:15:00 PM,,,,
,,12:30:00 PM,,,,
,,12:45:00 PM,,,,
,,1:00:00 PM,,,,
,,1:15:00 PM,,,,
,,1:30:00 PM,,,,
,,1:45:00 PM,,,,
,,2:00:00 PM,,,,
,,2:15:00 PM,,,,
,,2:30:00 PM,,,,
,,2:45:00 PM,,,,
,,3:00:00 PM,,,,
,,3:15:00 PM,,,,
,,3:30:00 PM,,,,
,,3:45:00 PM,,,,
,,4:00:00 PM,,,,
,,9:00:00 AM,,,,
,,9:15:00 AM,,,,
,,9:30:00 AM,,,,
,,9:45:00 AM,,,,
,,4:15:00 PM,,,,
,,4:30:00 PM,,,,
,,4:45:00 PM,,,,
,,5:00:00 PM,,,,
,,5:15:00 PM,,,,
,,5:30:00 PM,,,,
,,5:45:00 PM,,,,
,,6:00:00 PM,,,,
,,7:00:00 AM,,,,
,,7:15:00 AM,,,,
,,7:30:00 AM,,,,
,,7:45:00 AM,,,,
,,8:00:00 AM,,,,
,,8:15:00 AM,,,,
,,8:30:00 AM,,,,
,,8:45:00 AM,,,,
,,10:00:00 AM,,,,
,,10:15:00 AM,,,,
,,10:30:00 AM,,,,
,,10:45:00 AM,,,,
,,11:00:00 AM,,,,
,,11:15:00 AM,,,,
,,11:30:00 AM,,,,
,,11:45:00 AM,,,,
,,12:00:00 PM,,,,
,,12:15:00 PM,,,,
,,12:30:00 PM,,,,
,,12:45:00 PM,,,,
,,1:00:00 PM,,,,
,,1:15:00 PM,,,,
,,1:30:00 PM,,,,
,,1:45:00 PM,,,,
,,2:00:00 PM,,,,
,,2:15:00 PM,,,,
,,2:30:00 PM,,,,
,,2:45:00 PM,,,,
,,3:00:00 PM,,,,
,,3:15:00 PM,,,,
,,3:30:00 PM,,,,
,,3:45:00 PM,,,,
,,4:00:00 PM,,,,
,,9:00:00 AM,,,,
,,9:15:00 AM,,,,
,,4:15:00 PM,,,,
,,4:30:00 PM,,,,
,,4:45:00 PM,,,,
,,5:00:00 PM,,,,
,,5:15:00 PM,,,,
,,5:30:00 PM,,,,
,,5:45:00 PM,,,,
,,6:00:00 PM,,,,
,,7:00:00 AM,,,,
,,7:15:00 AM,,,,
,,7:30:00 AM,,,,
,,7:45:00 AM,,,,
,,8:00:00 AM,,,,
,,8:15:00 AM,,,,
,,8:30:00 AM,,,,
,,8:45:00 AM,,,,
,,9:30:00 AM,,,,
,,9:45:00 AM,,,,
,,9:00:00 AM,,,,
,,9:15:00 AM,,,,
,,9:30:00 AM,,,,
,,9:45:00 AM,,,,
,,10:00:00 AM,,,,
,,10:15:00 AM,,,,
,,10:30:00 AM,,,,
,,10:45:00 AM,,,,
,,11:00:00 AM,,,,
,,11:15:00 AM,,,,
,,11:30:00 AM,,,,
,,11:45:00 AM,,,,
,,12:00:00 PM,,,,
,,12:15:00 PM,,,,
,,12:30:00 PM,,,,
,,12:45:00 PM,,,,
,,1:00:00 PM,,,,
,,1:15:00 PM,,,,
,,1:30:00 PM,,,,
,,1:45:00 PM,,,,
,,2:00:00 PM,,,,
,,2:15:00 PM,,,,
,,2:30:00 PM,,,,
,,2:45:00 PM,,,,
,,3:00:00 PM,,,,
,,3:15:00 PM,,,,
,,3:30:00 PM,,,,
,,3:45:00 PM,,,,
,,4:00:00 PM,,,,
,,4:15:00 PM,,,,
,,4:30:00 PM,,,,
,,4:45:00 PM,,,,
,,5:00:00 PM,,,,
,,5:15:00 PM,,,,
,,5:30:00 PM,,,,
,,5:45:00 PM,,,,
,,6:00:00 PM,,,,
,,7:00:00 AM,,,,
,,7:15:00 AM,,,,
,,7:30:00 AM,,,,
,,7:45:00 AM,,,,
,,8:00:00 AM,,,,
,,8:15:00 AM,,,,
,,8:30:00 AM,,,,
,,8:45:00 AM,,,,
,,1:00:00 PM,,,,
,,1:15:00 PM,,,,
,,1:30:00 PM,,,,
,,1:45:00 PM,,,,
,,2:00:00 PM,,,,
,,2:15:00 PM,,,,
,,2:30:00 PM,,,,
,,2:45:00 PM,,,,
,,3:00:00 PM,,,,
,,3:15:00 PM,,,,
,,3:30:00 PM,,,,
,,3:45:00 PM,,,,
,,4:00:00 PM,,,,
,,4:15:00 PM,,,,
,,4:30:00 PM,,,,
,,4:45:00 PM,,,,
,,5:00:00 PM,,,,
,,5:15:00 PM,,,,
,,5:30:00 PM,,,,
,,5:45:00 PM,,,,
,,6:00:00 PM,,,,
,,7:00:00 AM,,,,
,,7:15:00 AM,,,,
,,7:30:00 AM,,,,
,,7:45:00 AM,,,,
,,8:00:00 AM,,,,
,,8:15:00 AM,,,,
,,8:30:00 AM,,,,
,,8:45:00 AM,,,,
,,9:00:00 AM,,,,
,,9:15:00 AM,,,,
,,9:30:00 AM,,,,
,,9:45:00 AM,,,,
,,10:00:00 AM,,,,
,,10:15:00 AM,,,,
,,10:30:00 AM,,,,
,,10:45:00 AM,,,,
,,11:00:00 AM,,,,
,,11:15:00 AM,,,,
,,11:30:00 AM,,,,
,,11:45:00 AM,,,,
,,12:00:00 PM,,,,
,,12:15:00 PM,,,,
,,12:30:00 PM,,,,
,,12:45:00 PM,,,,
,,7:00:00 AM,,,,
,,7:15:00 AM,,,,
,,7:30:00 AM,,,,
,,7:45:00 AM,,,,
,,8:00:00 AM,,,,
,,8:15:00 AM,,,,
,,8:30:00 AM,,,,
,,8:45:00 AM,,,,
,,9:00:00 AM,,,,
,,9:15:00 AM,,,,
,,9:30:00 AM,,,,
,,9:45:00 AM,,,,
,,10:00:00 AM,,,,
,,10:15:00 AM,,,,
,,10:30:00 AM,,,,
,,10:45:00 AM,,,,
,,11:00:00 AM,,,,
,,11:15:00 AM,,,,
,,11:30:00 AM,,,,
,,11:45:00 AM,,,,
,,12:00:00 PM,,,,
,,12:15:00 PM,,,,
,,12:30:00 PM,,,,
,,12:45:00 PM,,,,
,,1:00:00 PM,,,,
,,1:15:00 PM,,,,
,,1:30:00 PM,,,,
,,1:45:00 PM,,,,
,,2:00:00 PM,,,,
,,2:15:00 PM,,,,
,,2:30:00 PM,,,,
,,2:45:00 PM,,,,
,,3:00:00 PM,,,,
,,3:15:00 PM,,,,
,,3:30:00 PM,,,,
,,3:45:00 PM,,,,
,,4:00:00 PM,,,,
,,4:15:00 PM,,,,
,,4:30:00 PM,,,,
,,4:45:00 PM,,,,
,,5:00:00 PM,,,,
,,5:15:00 PM,,,,
,,5:30:00 PM,,,,
,,5:45:00 PM,,,,
,,6:00:00 PM,,,,
,,7:00:00 AM,,,,
,,7:15:00 AM,,,,
,,7:30:00 AM,,,,
,,7:45:00 AM,,,,
,,8:00:00 AM,,,,
,,8:15:00 AM,,,,
,,8:30:00 AM,,,,
,,8:45:00 AM,,,,
,,9:00:00 AM,,,,
,,9:15:00 AM,,,,
,,9:30:00 AM,,,,
,,9:45:00 AM,,,,
,,10:00:00 AM,,,,
,,10:15:00 AM,,,,
,,10:30:00 AM,,,,
,,10:45:00 AM,,,,
,,11:00:00 AM,,,,
,,11:15:00 AM,,,,
,,11:30:00 AM,,,,
,,11:45:00 AM,,,,
,,12:00:00 PM,,,,
,,12:15:00 PM,,,,
,,12:30:00 PM,,,,
,,12:45:00 PM,,,,
,,1:00:00 PM,,,,
,,1:15:00 PM,,,,
,,1:30:00 PM,,,,
,,1:45:00 PM,,,,
,,2:00:00 PM,,,,
,,2:15:00 PM,,,,
,,2:30:00 PM,,,,
,,2:45:00 PM,,,,
,,3:00:00 PM,,,,
,,3:15:00 PM,,,,
,,3:30:00 PM,,,,
,,3:45:00 PM,,,,
,,4:00:00 PM,,,,
,,4:15:00 PM,,,,
,,4:30:00 PM,,,,
,,4:45:00 PM,,,,
,,5:00:00 PM,,,,
,,5:15:00 PM,,,,
,,5:30:00 PM,,,,
,,5:45:00 PM,,,,
,,6:00:00 PM,,,,
,,7:00:00 AM,,,,
,,7:15:00 AM,,,,
,,7:30:00 AM,,,,
,,7:45:00 AM,,,,
,,8:00:00 AM,,,,
,,8:15:00 AM,,,,
,,8:30:00 AM,,,,
,,8:45:00 AM,,,,
,,9:00:00 AM,,,,
,,9:15:00 AM,,,,
,,9:30:00 AM,,,,
,,9:45:00 AM,,,,
,,10:00:00 AM,,,,
,,10:15:00 AM,,,,
,,10:30:00 AM,,,,
,,10:45:00 AM,,,,
,,11:00:00 AM,,,,
,,11:15:00 AM,,,,
,,11:30:00 AM,,,,
,,11:45:00 AM,,,,
,,12:00:00 PM,,,,
,,12:15:00 PM,,,,
,,12:30:00 PM,,,,
,,12:45:00 PM,,,,
,,1:00:00 PM,,,,
,,1:15:00 PM,,,,
,,1:30:00 PM,,,,
,,1:45:00 PM,,,,
,,2:00:00 PM,,,,
,,2:15:00 PM,,,,
,,2:30:00 PM,,,,
,,2:45:00 PM,,,,
,,3:00:00 PM,,,,
,,3:15:00 PM,,,,
,,3:30:00 PM,,,,
,,3:45:00 PM,,,,
,,4:00:00 PM,,,,
,,4:15:00 PM,,,,
,,4:30:00 PM,,,,
,,4:45:00 PM,,,,
,,5:00:00 PM,,,,
,,5:15:00 PM,,,,
,,5:30:00 PM,,,,
,,5:45:00 PM,,,,
,,6:00:00 PM,,,,
