source_site,venue_name,venue_location,date_local,start_time_local,end_time_local,duration_min,service,staff,room,price,capacity,spots_left,booked_count,book_url,slot_id,timezone_hint,notes,scrape_timestamp_utc
demo.local,Example Studio,Example City,2026-04-07,09:30 AM,10:20 AM,50,Assisted Stretch (50 mins),Avery Example,Studio A,£48.00,1,1,0,https://example.com/book/nl-20260407-0930,nl-20260407-0930,GMT,Assisted Stretch (50 mins) with Avery Example 09:30 AM – 10:20 AM £48.00 Capacity: 1 · spots left: 1 · Room: Studio A · GMT Book,2026-10-06T09:31:53+00:00
demo.local,Example Studio,Example City,2026-04-07,11:00 AM,11:30 AM,30,Recovery Session (30 mins),Jordan Example,Studio B,£32.00,4,3,1,https://example.com/book/nl-20260407-1100,nl-20260407-1100,GMT,Recovery Session (30 mins) with Jordan Example 11:00 AM – 11:30 AM £32.00 Capacity: 4 · spots left: 3 · Room: Studio B · GMT Book,2026-10-06T09:31:53+00:00
demo.local,Example Studio,Example City,2026-04-07,06:00 PM,06:50 PM,50,Assisted Stretch (50 mins),Sam Example,Studio A,£48.00,1,1,0,https://example.com/book/nl-20260407-1800,nl-20260407-1800,GMT,Assisted Stretch (50 mins) with Sam Example 06:00 PM – 06:50 PM £48.00 Capacity: 1 · spots left: 1 · Room: Studio A · GMT Book,2026-10-06T09:31:53+00:00
demo.local,Example Studio,Example City,2026-04-08,07:15 AM,08:05 AM,50,Assisted Stretch (50 mins),Avery Example,Studio A,£48.00,1,1,0,https://example.com/book/nl-20260408-0715,nl-20260408-0715,GMT,Assisted Stretch (50 mins) with Avery Example 07:15 AM – 08:05 AM £48.00 Capacity: 1 · spots left: 1 · Room: Studio A · GMT Book,2026-10-06T09:31:54+00:00
demo.local,Example Studio,Example City,2026-04-08,01:00 PM,01:50 PM,50,Deep Tissue (50 mins),Sam Example,Room 2,£65.00,2,2,0,https://example.com/book/nl-20260408-1300,nl-20260408-1300,GMT,Deep Tissue (50 mins) with Sam Example 01:00 PM – 01:50 PM £65.00 Capacity: 2 · spots left: 2 · Room: Room 2 · GMT Book,2026-10-06T09:31:54+00:00
demo.local,Example Studio,Example City,2026-04-10,04:30 PM,05:50 PM,80,Sports Massage (80 mins),Jordan Example,Studio B,£90.00,1,1,0,https://example.com/book/nl-20260410-1630,nl-20260410-1630,GMT,Sports Massage (80 mins) with Jordan Example 04:30 PM – 05:50 PM £90.00 Capacity: 1 · spots left: 1 · Room: Studio B · GMT Book,2026-10-06T09:31:54+00:00
demo.local,Example Studio,Example City,2026-05-01,10:00 AM,10:50 AM,50,Assisted Stretch (50 mins),Sam Example,Studio A,£48.00,1,1,0,https://example.com/book/nl-20260501-1000,nl-20260501-1000,GMT,Assisted Stretch (50 mins) with Sam Example 10:00 AM – 10:50 AM £48.00 Capacity: 1 · spots left: 1 · Room: Studio A · GMT Book,2026-10-06T09:31:55+00:00
demo.local,Example Studio,Example City,2026-05-01,03:15 PM,03:45 PM,30,Recovery Session (30 mins),Avery Example,Studio B,£32.00,6,4,2,https://example.com/book/nl-20260501-1515,nl-20260501-1515,GMT,Recovery Session (30 mins) with Avery Example 03:15 PM – 03:45 PM £32.00 Capacity: 6 · spots left: 4 · Room: Studio B · GMT Book,2026-10-06T09:31:55+00:00
demo.local,Example Studio,Example City,2026-05-05,12:00 PM,12:50 PM,50,Deep Tissue (50 mins),Jordan Example,Room 2,£65.00,1,1,0,https://example.com/book/nl-20260505-1200,nl-20260505-1200,GMT,Deep Tissue (50 mins) with Jordan Example 12:00 PM – 12:50 PM £65.00 Capacity: 1 · spots left: 1 · Room: Room 2 · GMT Book,2026-10-06T09:31:56+00:00
demo.local,Example Studio,Example City,2026-05-12,08:45 AM,09:15 AM,30,Recovery Session (30 mins),Sam Example,Studio B,£32.00,4,2,2,https://example.com/book/nl-20260512-0845,nl-20260512-0845,GMT,Recovery Session (30 mins) with Sam Example 08:45 AM – 09:15 AM £32.00 Capacity: 4 · spots left: 2 · Room: Studio B · GMT Book,2026-10-06T09:31:56+00:00
demo.local,Example Studio,Example City,2026-05-12,07:00 PM,07:50 PM,50,Assisted Stretch (50 mins),Avery Example,Studio A,£48.00,1,1,0,https://example.com/book/nl-20260512-1900,nl-20260512-1900,GMT,Assisted Stretch (50 mins) with Avery Example 07:00 PM – 07:50 PM £48.00 Capacity: 1 · spots left: 1 · Room: Studio A · GMT Book,2026-10-06T09:31:56+00:00
